{
    "name":"departments",
    "title":"Departemen",
    "dtables":{
        "title":"Departemen",
        "columns":[
            {
                "data":"custom_id",
                "name":"custom_id",
                "title":"Kode",
                "type":"text"
            },
            {
                "data":"name",
                "name":"name",
                "title":"Nama Departemen",
                "type":"text"
            },
            {
                "data":"description",
                "name":"description",
                "title":"Keterangan",
                "type":"text"
            },
            {
                "data":"",
                "name":"",
                "type":"menu",
                "items":[
                    {"label":"Edit", "type":"edit"},
                    {"label":"Hapus", "type":"delete"}
                ]
            }
        ],
        "query":{
            "table":"departments",
            "select":"*",
            "where":{
                "condition":"company_id=?",
                "params":["user:company_id"]
            }
        }
    },
    "form":{
        "title": "Departemen",
        "table": "departments",
        "view": "company.department.create",
        "fields":[
            {
                "name":"custom_id", 
                "type":"text", 
                "label":"Kode",
                "width":4, 
                "svalidation":"required|min:3|max:8", 
                "uvalidation":"required|min:3|max:8"
            },
            {
                "name":"name", 
                "type":"text", 
                "label":"Departemen",
                "width":9, 
                "svalidation":"required|min:3|max:64", 
                "uvalidation":"required|min:3|max:64"
            },
            {
                "name":"description", 
                "type":"text", 
                "label":"Keterangan",
                "svalidation":"max:255",
                "uvalidation":"max:255"
            },
            {
                "name":"company_id", 
                "type":"hidden",
                "label":"Perusahaan",
                "value":"session:user|company_id"
            }
        ]
    }

}