{
    "name":"sales_invoices",
    "title":"Sales Invoice",
    "actions":[{"type":"create","label":"Create Sale"}],
    "dtables":{
        "title":"Sales Invoice",
        "columns":[
            {
                "data":"checkbox",
                "type":"checkbox"
            },
            {
                "data":"trans_date", 
                "name":"trans_date", 
                "type":"text", 
                "title":"Tanggal"
            },
            {
                "data":"trans_no", 
                "name":"trans_no", 
                "type":"detail",
                "detail_id":"id", 
                "detail_name":"sales_invoices", 
                "title":"Quote No."
            },
            {
                "data":"customer", 
                "name":"contacts.name", 
                "type":"text", 
                "title":"Customer"
            },
            {
                "data":"total", 
                "name":"total", 
                "type":"currency", 
                "title":"Total"
            },
            {
                "data":"menu", 
                "type":"menu", 
                "title":""
            }
        ],
        "bulk_actions":[
            {
                "label":"Hapus",
                "icon":"fas fa-trash",
                "confirm":"Apakah Anda yakin akan menghapus item terpilih?",
                "route":{
                    "name":"dcru.delete.batch",
                    "params":{
                        "name":"sales"
                    }
                }
            }
        ],
        "query":{
            "table":"sales_invoices",
            "select":"sales_invoices.*, contacts.name as customer",
            "joins":[
                {
                    "join":"left",
                    "table":"contacts",
                    "on":"contacts.id=customer_id"
                }
            ],
            "where":{
                "condition": "sales_invoices.company_id=?",
                "params":["user:company_id"]
            }
        }
    }
}