{
    "name":"user_groups",
    "title":"User Group",
    "dtables":{
        "title":"Grup Users",
        "columns":[
            {
                "data":"display_name",
                "name":"display_name",
                "title":"User Group",
                "type":"text"
            },
            {
                "data":"description",
                "name":"description",
                "title":"Description",
                "type":"text"
            },
            {
                "data":"",
                "name":"",
                "type":"menu",
                "items":[
                    {"label":"Edit", "type":"edit"},
                    {"label":"Hapus", "type":"delete"}
                ]
            }
        ],
        "query":{
            "table":"user_groups",
            "select":"*",
            "where":{
                "condition": "user_groups.company_id=?",
                "params":["user:company_id"]
            }
        }
    },
    "form":{
        "title": "User Group",
        "table": "user_groups"
    }

}